{
  "name": "Angola",
  "isoCode": "AO",
  "timezones": [
    {
      "name": "Africa/Lagos",
      "utcOffset": "+01:00",
      "offsetMinutes": 60,
      "abbreviation": "WAT",
      "isDST": false
    },
    {
      "name": "Africa/Luanda",
      "utcOffset": "+01:00",
      "offsetMinutes": 60,
      "abbreviation": "WAT",
      "isDST": false
    }
  ],
  "states": [
    {
      "name": "Bengo Province",
      "isoCode": "BGO",
      "timezones": [
        {
          "name": "Africa/Lagos",
          "utcOffset": "+01:00",
          "offsetMinutes": 60,
          "abbreviation": "WAT",
          "isDST": false
        },
        {
          "name": "Africa/Luanda",
          "utcOffset": "+01:00",
          "offsetMinutes": 60,
          "abbreviation": "WAT",
          "isDST": false
        }
      ]
    },
    {
      "name": "Benguela Province",
      "isoCode": "BGU",
      "timezones": [
        {
          "name": "Africa/Lagos",
          "utcOffset": "+01:00",
          "offsetMinutes": 60,
          "abbreviation": "WAT",
          "isDST": false
        },
        {
          "name": "Africa/Luanda",
          "utcOffset": "+01:00",
          "offsetMinutes": 60,
          "abbreviation": "WAT",
          "isDST": false
        }
      ]
    },
    {
      "name": "Bié Province",
      "isoCode": "BIE",
      "timezones": [
        {
          "name": "Africa/Lagos",
          "utcOffset": "+01:00",
          "offsetMinutes": 60,
          "abbreviation": "WAT",
          "isDST": false
        },
        {
          "name": "Africa/Luanda",
          "utcOffset": "+01:00",
          "offsetMinutes": 60,
          "abbreviation": "WAT",
          "isDST": false
        }
      ]
    },
    {
      "name": "Cabinda Province",
      "isoCode": "CAB",
      "timezones": [
        {
          "name": "Africa/Lagos",
          "utcOffset": "+01:00",
          "offsetMinutes": 60,
          "abbreviation": "WAT",
          "isDST": false
        },
        {
          "name": "Africa/Luanda",
          "utcOffset": "+01:00",
          "offsetMinutes": 60,
          "abbreviation": "WAT",
          "isDST": false
        }
      ]
    },
    {
      "name": "Cuando Cubango Province",
      "isoCode": "CCU",
      "timezones": [
        {
          "name": "Africa/Lagos",
          "utcOffset": "+01:00",
          "offsetMinutes": 60,
          "abbreviation": "WAT",
          "isDST": false
        },
        {
          "name": "Africa/Luanda",
          "utcOffset": "+01:00",
          "offsetMinutes": 60,
          "abbreviation": "WAT",
          "isDST": false
        }
      ]
    },
    {
      "name": "Cuanza Norte Province",
      "isoCode": "CNO",
      "timezones": [
        {
          "name": "Africa/Lagos",
          "utcOffset": "+01:00",
          "offsetMinutes": 60,
          "abbreviation": "WAT",
          "isDST": false
        },
        {
          "name": "Africa/Luanda",
          "utcOffset": "+01:00",
          "offsetMinutes": 60,
          "abbreviation": "WAT",
          "isDST": false
        }
      ]
    },
    {
      "name": "Cuanza Sul",
      "isoCode": "CUS",
      "timezones": [
        {
          "name": "Africa/Lagos",
          "utcOffset": "+01:00",
          "offsetMinutes": 60,
          "abbreviation": "WAT",
          "isDST": false
        },
        {
          "name": "Africa/Luanda",
          "utcOffset": "+01:00",
          "offsetMinutes": 60,
          "abbreviation": "WAT",
          "isDST": false
        }
      ]
    },
    {
      "name": "Cunene Province",
      "isoCode": "CNN",
      "timezones": [
        {
          "name": "Africa/Lagos",
          "utcOffset": "+01:00",
          "offsetMinutes": 60,
          "abbreviation": "WAT",
          "isDST": false
        },
        {
          "name": "Africa/Luanda",
          "utcOffset": "+01:00",
          "offsetMinutes": 60,
          "abbreviation": "WAT",
          "isDST": false
        }
      ]
    },
    {
      "name": "Huambo Province",
      "isoCode": "HUA",
      "timezones": [
        {
          "name": "Africa/Lagos",
          "utcOffset": "+01:00",
          "offsetMinutes": 60,
          "abbreviation": "WAT",
          "isDST": false
        },
        {
          "name": "Africa/Luanda",
          "utcOffset": "+01:00",
          "offsetMinutes": 60,
          "abbreviation": "WAT",
          "isDST": false
        }
      ]
    },
    {
      "name": "Huíla Province",
      "isoCode": "HUI",
      "timezones": [
        {
          "name": "Africa/Lagos",
          "utcOffset": "+01:00",
          "offsetMinutes": 60,
          "abbreviation": "WAT",
          "isDST": false
        },
        {
          "name": "Africa/Luanda",
          "utcOffset": "+01:00",
          "offsetMinutes": 60,
          "abbreviation": "WAT",
          "isDST": false
        }
      ]
    },
    {
      "name": "Luanda Province",
      "isoCode": "LUA",
      "timezones": [
        {
          "name": "Africa/Lagos",
          "utcOffset": "+01:00",
          "offsetMinutes": 60,
          "abbreviation": "WAT",
          "isDST": false
        },
        {
          "name": "Africa/Luanda",
          "utcOffset": "+01:00",
          "offsetMinutes": 60,
          "abbreviation": "WAT",
          "isDST": false
        }
      ]
    },
    {
      "name": "Lunda Norte Province",
      "isoCode": "LNO",
      "timezones": [
        {
          "name": "Africa/Lagos",
          "utcOffset": "+01:00",
          "offsetMinutes": 60,
          "abbreviation": "WAT",
          "isDST": false
        },
        {
          "name": "Africa/Luanda",
          "utcOffset": "+01:00",
          "offsetMinutes": 60,
          "abbreviation": "WAT",
          "isDST": false
        }
      ]
    },
    {
      "name": "Lunda Sul Province",
      "isoCode": "LSU",
      "timezones": [
        {
          "name": "Africa/Lagos",
          "utcOffset": "+01:00",
          "offsetMinutes": 60,
          "abbreviation": "WAT",
          "isDST": false
        },
        {
          "name": "Africa/Luanda",
          "utcOffset": "+01:00",
          "offsetMinutes": 60,
          "abbreviation": "WAT",
          "isDST": false
        }
      ]
    },
    {
      "name": "Malanje Province",
      "isoCode": "MAL",
      "timezones": [
        {
          "name": "Africa/Lagos",
          "utcOffset": "+01:00",
          "offsetMinutes": 60,
          "abbreviation": "WAT",
          "isDST": false
        },
        {
          "name": "Africa/Luanda",
          "utcOffset": "+01:00",
          "offsetMinutes": 60,
          "abbreviation": "WAT",
          "isDST": false
        }
      ]
    },
    {
      "name": "Moxico Province",
      "isoCode": "MOX",
      "timezones": [
        {
          "name": "Africa/Lagos",
          "utcOffset": "+01:00",
          "offsetMinutes": 60,
          "abbreviation": "WAT",
          "isDST": false
        },
        {
          "name": "Africa/Luanda",
          "utcOffset": "+01:00",
          "offsetMinutes": 60,
          "abbreviation": "WAT",
          "isDST": false
        }
      ]
    },
    {
      "name": "Uíge Province",
      "isoCode": "UIG",
      "timezones": [
        {
          "name": "Africa/Lagos",
          "utcOffset": "+01:00",
          "offsetMinutes": 60,
          "abbreviation": "WAT",
          "isDST": false
        },
        {
          "name": "Africa/Luanda",
          "utcOffset": "+01:00",
          "offsetMinutes": 60,
          "abbreviation": "WAT",
          "isDST": false
        }
      ]
    },
    {
      "name": "Zaire Province",
      "isoCode": "ZAI",
      "timezones": [
        {
          "name": "Africa/Lagos",
          "utcOffset": "+01:00",
          "offsetMinutes": 60,
          "abbreviation": "WAT",
          "isDST": false
        },
        {
          "name": "Africa/Luanda",
          "utcOffset": "+01:00",
          "offsetMinutes": 60,
          "abbreviation": "WAT",
          "isDST": false
        }
      ]
    }
  ]
}
