{
  "name": "Dominican Republic",
  "isoCode": "DO",
  "timezones": [
    {
      "name": "America/Santo_Domingo",
      "utcOffset": "-04:00",
      "offsetMinutes": -240,
      "abbreviation": "AST",
      "isDST": false
    }
  ],
  "states": [
    {
      "name": "Azua Province",
      "isoCode": "02",
      "timezones": [
        {
          "name": "America/Santo_Domingo",
          "utcOffset": "-04:00",
          "offsetMinutes": -240,
          "abbreviation": "AST",
          "isDST": false
        }
      ]
    },
    {
      "name": "Baoruco Province",
      "isoCode": "03",
      "timezones": [
        {
          "name": "America/Santo_Domingo",
          "utcOffset": "-04:00",
          "offsetMinutes": -240,
          "abbreviation": "AST",
          "isDST": false
        }
      ]
    },
    {
      "name": "Barahona Province",
      "isoCode": "04",
      "timezones": [
        {
          "name": "America/Santo_Domingo",
          "utcOffset": "-04:00",
          "offsetMinutes": -240,
          "abbreviation": "AST",
          "isDST": false
        }
      ]
    },
    {
      "name": "Dajabón Province",
      "isoCode": "05",
      "timezones": [
        {
          "name": "America/Santo_Domingo",
          "utcOffset": "-04:00",
          "offsetMinutes": -240,
          "abbreviation": "AST",
          "isDST": false
        }
      ]
    },
    {
      "name": "Distrito Nacional",
      "isoCode": "01",
      "timezones": [
        {
          "name": "America/Santo_Domingo",
          "utcOffset": "-04:00",
          "offsetMinutes": -240,
          "abbreviation": "AST",
          "isDST": false
        }
      ]
    },
    {
      "name": "Duarte Province",
      "isoCode": "06",
      "timezones": [
        {
          "name": "America/Santo_Domingo",
          "utcOffset": "-04:00",
          "offsetMinutes": -240,
          "abbreviation": "AST",
          "isDST": false
        }
      ]
    },
    {
      "name": "El Seibo Province",
      "isoCode": "08",
      "timezones": [
        {
          "name": "America/Santo_Domingo",
          "utcOffset": "-04:00",
          "offsetMinutes": -240,
          "abbreviation": "AST",
          "isDST": false
        }
      ]
    },
    {
      "name": "Espaillat Province",
      "isoCode": "09",
      "timezones": [
        {
          "name": "America/Santo_Domingo",
          "utcOffset": "-04:00",
          "offsetMinutes": -240,
          "abbreviation": "AST",
          "isDST": false
        }
      ]
    },
    {
      "name": "Hato Mayor Province",
      "isoCode": "30",
      "timezones": [
        {
          "name": "America/Santo_Domingo",
          "utcOffset": "-04:00",
          "offsetMinutes": -240,
          "abbreviation": "AST",
          "isDST": false
        }
      ]
    },
    {
      "name": "Hermanas Mirabal Province",
      "isoCode": "19",
      "timezones": [
        {
          "name": "America/Santo_Domingo",
          "utcOffset": "-04:00",
          "offsetMinutes": -240,
          "abbreviation": "AST",
          "isDST": false
        }
      ]
    },
    {
      "name": "Independencia",
      "isoCode": "10",
      "timezones": [
        {
          "name": "America/Santo_Domingo",
          "utcOffset": "-04:00",
          "offsetMinutes": -240,
          "abbreviation": "AST",
          "isDST": false
        }
      ]
    },
    {
      "name": "La Altagracia Province",
      "isoCode": "11",
      "timezones": [
        {
          "name": "America/Santo_Domingo",
          "utcOffset": "-04:00",
          "offsetMinutes": -240,
          "abbreviation": "AST",
          "isDST": false
        }
      ]
    },
    {
      "name": "La Romana Province",
      "isoCode": "12",
      "timezones": [
        {
          "name": "America/Santo_Domingo",
          "utcOffset": "-04:00",
          "offsetMinutes": -240,
          "abbreviation": "AST",
          "isDST": false
        }
      ]
    },
    {
      "name": "La Vega Province",
      "isoCode": "13",
      "timezones": [
        {
          "name": "America/Santo_Domingo",
          "utcOffset": "-04:00",
          "offsetMinutes": -240,
          "abbreviation": "AST",
          "isDST": false
        }
      ]
    },
    {
      "name": "María Trinidad Sánchez Province",
      "isoCode": "14",
      "timezones": [
        {
          "name": "America/Santo_Domingo",
          "utcOffset": "-04:00",
          "offsetMinutes": -240,
          "abbreviation": "AST",
          "isDST": false
        }
      ]
    },
    {
      "name": "Monseñor Nouel Province",
      "isoCode": "28",
      "timezones": [
        {
          "name": "America/Santo_Domingo",
          "utcOffset": "-04:00",
          "offsetMinutes": -240,
          "abbreviation": "AST",
          "isDST": false
        }
      ]
    },
    {
      "name": "Monte Cristi Province",
      "isoCode": "15",
      "timezones": [
        {
          "name": "America/Santo_Domingo",
          "utcOffset": "-04:00",
          "offsetMinutes": -240,
          "abbreviation": "AST",
          "isDST": false
        }
      ]
    },
    {
      "name": "Monte Plata Province",
      "isoCode": "29",
      "timezones": [
        {
          "name": "America/Santo_Domingo",
          "utcOffset": "-04:00",
          "offsetMinutes": -240,
          "abbreviation": "AST",
          "isDST": false
        }
      ]
    },
    {
      "name": "Pedernales Province",
      "isoCode": "16",
      "timezones": [
        {
          "name": "America/Santo_Domingo",
          "utcOffset": "-04:00",
          "offsetMinutes": -240,
          "abbreviation": "AST",
          "isDST": false
        }
      ]
    },
    {
      "name": "Peravia Province",
      "isoCode": "17",
      "timezones": [
        {
          "name": "America/Santo_Domingo",
          "utcOffset": "-04:00",
          "offsetMinutes": -240,
          "abbreviation": "AST",
          "isDST": false
        }
      ]
    },
    {
      "name": "Puerto Plata Province",
      "isoCode": "18",
      "timezones": [
        {
          "name": "America/Santo_Domingo",
          "utcOffset": "-04:00",
          "offsetMinutes": -240,
          "abbreviation": "AST",
          "isDST": false
        }
      ]
    },
    {
      "name": "Samaná Province",
      "isoCode": "20",
      "timezones": [
        {
          "name": "America/Santo_Domingo",
          "utcOffset": "-04:00",
          "offsetMinutes": -240,
          "abbreviation": "AST",
          "isDST": false
        }
      ]
    },
    {
      "name": "San Cristóbal Province",
      "isoCode": "21",
      "timezones": [
        {
          "name": "America/Santo_Domingo",
          "utcOffset": "-04:00",
          "offsetMinutes": -240,
          "abbreviation": "AST",
          "isDST": false
        }
      ]
    },
    {
      "name": "San José de Ocoa Province",
      "isoCode": "31",
      "timezones": [
        {
          "name": "America/Santo_Domingo",
          "utcOffset": "-04:00",
          "offsetMinutes": -240,
          "abbreviation": "AST",
          "isDST": false
        }
      ]
    },
    {
      "name": "San Juan Province",
      "isoCode": "22",
      "timezones": [
        {
          "name": "America/Santo_Domingo",
          "utcOffset": "-04:00",
          "offsetMinutes": -240,
          "abbreviation": "AST",
          "isDST": false
        }
      ]
    },
    {
      "name": "San Pedro de Macorís",
      "isoCode": "23",
      "timezones": [
        {
          "name": "America/Santo_Domingo",
          "utcOffset": "-04:00",
          "offsetMinutes": -240,
          "abbreviation": "AST",
          "isDST": false
        }
      ]
    },
    {
      "name": "Santiago Province",
      "isoCode": "25",
      "timezones": [
        {
          "name": "America/Santo_Domingo",
          "utcOffset": "-04:00",
          "offsetMinutes": -240,
          "abbreviation": "AST",
          "isDST": false
        }
      ]
    },
    {
      "name": "Santiago Rodríguez Province",
      "isoCode": "26",
      "timezones": [
        {
          "name": "America/Santo_Domingo",
          "utcOffset": "-04:00",
          "offsetMinutes": -240,
          "abbreviation": "AST",
          "isDST": false
        }
      ]
    },
    {
      "name": "Santo Domingo Province",
      "isoCode": "32",
      "timezones": [
        {
          "name": "America/Santo_Domingo",
          "utcOffset": "-04:00",
          "offsetMinutes": -240,
          "abbreviation": "AST",
          "isDST": false
        }
      ]
    },
    {
      "name": "Sánchez Ramírez Province",
      "isoCode": "24",
      "timezones": [
        {
          "name": "America/Santo_Domingo",
          "utcOffset": "-04:00",
          "offsetMinutes": -240,
          "abbreviation": "AST",
          "isDST": false
        }
      ]
    },
    {
      "name": "Valverde Province",
      "isoCode": "27",
      "timezones": [
        {
          "name": "America/Santo_Domingo",
          "utcOffset": "-04:00",
          "offsetMinutes": -240,
          "abbreviation": "AST",
          "isDST": false
        }
      ]
    }
  ]
}
