{
  "name": "Japan",
  "isoCode": "JP",
  "timezones": [
    {
      "name": "Asia/Tokyo",
      "utcOffset": "+09:00",
      "offsetMinutes": 540,
      "abbreviation": "JST",
      "isDST": false
    }
  ],
  "states": [
    {
      "name": "Aichi Prefecture",
      "isoCode": "23",
      "timezones": [
        {
          "name": "Asia/Tokyo",
          "utcOffset": "+09:00",
          "offsetMinutes": 540,
          "abbreviation": "JST",
          "isDST": false
        }
      ]
    },
    {
      "name": "Akita Prefecture",
      "isoCode": "05",
      "timezones": [
        {
          "name": "Asia/Tokyo",
          "utcOffset": "+09:00",
          "offsetMinutes": 540,
          "abbreviation": "JST",
          "isDST": false
        }
      ]
    },
    {
      "name": "Aomori Prefecture",
      "isoCode": "02",
      "timezones": [
        {
          "name": "Asia/Tokyo",
          "utcOffset": "+09:00",
          "offsetMinutes": 540,
          "abbreviation": "JST",
          "isDST": false
        }
      ]
    },
    {
      "name": "Chiba Prefecture",
      "isoCode": "12",
      "timezones": [
        {
          "name": "Asia/Tokyo",
          "utcOffset": "+09:00",
          "offsetMinutes": 540,
          "abbreviation": "JST",
          "isDST": false
        }
      ]
    },
    {
      "name": "Ehime Prefecture",
      "isoCode": "38",
      "timezones": [
        {
          "name": "Asia/Tokyo",
          "utcOffset": "+09:00",
          "offsetMinutes": 540,
          "abbreviation": "JST",
          "isDST": false
        }
      ]
    },
    {
      "name": "Fukui Prefecture",
      "isoCode": "18",
      "timezones": [
        {
          "name": "Asia/Tokyo",
          "utcOffset": "+09:00",
          "offsetMinutes": 540,
          "abbreviation": "JST",
          "isDST": false
        }
      ]
    },
    {
      "name": "Fukuoka Prefecture",
      "isoCode": "40",
      "timezones": [
        {
          "name": "Asia/Tokyo",
          "utcOffset": "+09:00",
          "offsetMinutes": 540,
          "abbreviation": "JST",
          "isDST": false
        }
      ]
    },
    {
      "name": "Fukushima Prefecture",
      "isoCode": "07",
      "timezones": [
        {
          "name": "Asia/Tokyo",
          "utcOffset": "+09:00",
          "offsetMinutes": 540,
          "abbreviation": "JST",
          "isDST": false
        }
      ]
    },
    {
      "name": "Gifu Prefecture",
      "isoCode": "21",
      "timezones": [
        {
          "name": "Asia/Tokyo",
          "utcOffset": "+09:00",
          "offsetMinutes": 540,
          "abbreviation": "JST",
          "isDST": false
        }
      ]
    },
    {
      "name": "Gunma Prefecture",
      "isoCode": "10",
      "timezones": [
        {
          "name": "Asia/Tokyo",
          "utcOffset": "+09:00",
          "offsetMinutes": 540,
          "abbreviation": "JST",
          "isDST": false
        }
      ]
    },
    {
      "name": "Hiroshima Prefecture",
      "isoCode": "34",
      "timezones": [
        {
          "name": "Asia/Tokyo",
          "utcOffset": "+09:00",
          "offsetMinutes": 540,
          "abbreviation": "JST",
          "isDST": false
        }
      ]
    },
    {
      "name": "Hokkaidō Prefecture",
      "isoCode": "01",
      "timezones": [
        {
          "name": "Asia/Tokyo",
          "utcOffset": "+09:00",
          "offsetMinutes": 540,
          "abbreviation": "JST",
          "isDST": false
        }
      ]
    },
    {
      "name": "Hyōgo Prefecture",
      "isoCode": "28",
      "timezones": [
        {
          "name": "Asia/Tokyo",
          "utcOffset": "+09:00",
          "offsetMinutes": 540,
          "abbreviation": "JST",
          "isDST": false
        }
      ]
    },
    {
      "name": "Ibaraki Prefecture",
      "isoCode": "08",
      "timezones": [
        {
          "name": "Asia/Tokyo",
          "utcOffset": "+09:00",
          "offsetMinutes": 540,
          "abbreviation": "JST",
          "isDST": false
        }
      ]
    },
    {
      "name": "Ishikawa Prefecture",
      "isoCode": "17",
      "timezones": [
        {
          "name": "Asia/Tokyo",
          "utcOffset": "+09:00",
          "offsetMinutes": 540,
          "abbreviation": "JST",
          "isDST": false
        }
      ]
    },
    {
      "name": "Iwate Prefecture",
      "isoCode": "03",
      "timezones": [
        {
          "name": "Asia/Tokyo",
          "utcOffset": "+09:00",
          "offsetMinutes": 540,
          "abbreviation": "JST",
          "isDST": false
        }
      ]
    },
    {
      "name": "Kagawa Prefecture",
      "isoCode": "37",
      "timezones": [
        {
          "name": "Asia/Tokyo",
          "utcOffset": "+09:00",
          "offsetMinutes": 540,
          "abbreviation": "JST",
          "isDST": false
        }
      ]
    },
    {
      "name": "Kagoshima Prefecture",
      "isoCode": "46",
      "timezones": [
        {
          "name": "Asia/Tokyo",
          "utcOffset": "+09:00",
          "offsetMinutes": 540,
          "abbreviation": "JST",
          "isDST": false
        }
      ]
    },
    {
      "name": "Kanagawa Prefecture",
      "isoCode": "14",
      "timezones": [
        {
          "name": "Asia/Tokyo",
          "utcOffset": "+09:00",
          "offsetMinutes": 540,
          "abbreviation": "JST",
          "isDST": false
        }
      ]
    },
    {
      "name": "Kumamoto Prefecture",
      "isoCode": "43",
      "timezones": [
        {
          "name": "Asia/Tokyo",
          "utcOffset": "+09:00",
          "offsetMinutes": 540,
          "abbreviation": "JST",
          "isDST": false
        }
      ]
    },
    {
      "name": "Kyōto Prefecture",
      "isoCode": "26",
      "timezones": [
        {
          "name": "Asia/Tokyo",
          "utcOffset": "+09:00",
          "offsetMinutes": 540,
          "abbreviation": "JST",
          "isDST": false
        }
      ]
    },
    {
      "name": "Kōchi Prefecture",
      "isoCode": "39",
      "timezones": [
        {
          "name": "Asia/Tokyo",
          "utcOffset": "+09:00",
          "offsetMinutes": 540,
          "abbreviation": "JST",
          "isDST": false
        }
      ]
    },
    {
      "name": "Mie Prefecture",
      "isoCode": "24",
      "timezones": [
        {
          "name": "Asia/Tokyo",
          "utcOffset": "+09:00",
          "offsetMinutes": 540,
          "abbreviation": "JST",
          "isDST": false
        }
      ]
    },
    {
      "name": "Miyagi Prefecture",
      "isoCode": "04",
      "timezones": [
        {
          "name": "Asia/Tokyo",
          "utcOffset": "+09:00",
          "offsetMinutes": 540,
          "abbreviation": "JST",
          "isDST": false
        }
      ]
    },
    {
      "name": "Miyazaki Prefecture",
      "isoCode": "45",
      "timezones": [
        {
          "name": "Asia/Tokyo",
          "utcOffset": "+09:00",
          "offsetMinutes": 540,
          "abbreviation": "JST",
          "isDST": false
        }
      ]
    },
    {
      "name": "Nagano Prefecture",
      "isoCode": "20",
      "timezones": [
        {
          "name": "Asia/Tokyo",
          "utcOffset": "+09:00",
          "offsetMinutes": 540,
          "abbreviation": "JST",
          "isDST": false
        }
      ]
    },
    {
      "name": "Nagasaki Prefecture",
      "isoCode": "42",
      "timezones": [
        {
          "name": "Asia/Tokyo",
          "utcOffset": "+09:00",
          "offsetMinutes": 540,
          "abbreviation": "JST",
          "isDST": false
        }
      ]
    },
    {
      "name": "Nara Prefecture",
      "isoCode": "29",
      "timezones": [
        {
          "name": "Asia/Tokyo",
          "utcOffset": "+09:00",
          "offsetMinutes": 540,
          "abbreviation": "JST",
          "isDST": false
        }
      ]
    },
    {
      "name": "Niigata Prefecture",
      "isoCode": "15",
      "timezones": [
        {
          "name": "Asia/Tokyo",
          "utcOffset": "+09:00",
          "offsetMinutes": 540,
          "abbreviation": "JST",
          "isDST": false
        }
      ]
    },
    {
      "name": "Okayama Prefecture",
      "isoCode": "33",
      "timezones": [
        {
          "name": "Asia/Tokyo",
          "utcOffset": "+09:00",
          "offsetMinutes": 540,
          "abbreviation": "JST",
          "isDST": false
        }
      ]
    },
    {
      "name": "Okinawa Prefecture",
      "isoCode": "47",
      "timezones": [
        {
          "name": "Asia/Tokyo",
          "utcOffset": "+09:00",
          "offsetMinutes": 540,
          "abbreviation": "JST",
          "isDST": false
        }
      ]
    },
    {
      "name": "Saga Prefecture",
      "isoCode": "41",
      "timezones": [
        {
          "name": "Asia/Tokyo",
          "utcOffset": "+09:00",
          "offsetMinutes": 540,
          "abbreviation": "JST",
          "isDST": false
        }
      ]
    },
    {
      "name": "Saitama Prefecture",
      "isoCode": "11",
      "timezones": [
        {
          "name": "Asia/Tokyo",
          "utcOffset": "+09:00",
          "offsetMinutes": 540,
          "abbreviation": "JST",
          "isDST": false
        }
      ]
    },
    {
      "name": "Shiga Prefecture",
      "isoCode": "25",
      "timezones": [
        {
          "name": "Asia/Tokyo",
          "utcOffset": "+09:00",
          "offsetMinutes": 540,
          "abbreviation": "JST",
          "isDST": false
        }
      ]
    },
    {
      "name": "Shimane Prefecture",
      "isoCode": "32",
      "timezones": [
        {
          "name": "Asia/Tokyo",
          "utcOffset": "+09:00",
          "offsetMinutes": 540,
          "abbreviation": "JST",
          "isDST": false
        }
      ]
    },
    {
      "name": "Shizuoka Prefecture",
      "isoCode": "22",
      "timezones": [
        {
          "name": "Asia/Tokyo",
          "utcOffset": "+09:00",
          "offsetMinutes": 540,
          "abbreviation": "JST",
          "isDST": false
        }
      ]
    },
    {
      "name": "Tochigi Prefecture",
      "isoCode": "09",
      "timezones": [
        {
          "name": "Asia/Tokyo",
          "utcOffset": "+09:00",
          "offsetMinutes": 540,
          "abbreviation": "JST",
          "isDST": false
        }
      ]
    },
    {
      "name": "Tokushima Prefecture",
      "isoCode": "36",
      "timezones": [
        {
          "name": "Asia/Tokyo",
          "utcOffset": "+09:00",
          "offsetMinutes": 540,
          "abbreviation": "JST",
          "isDST": false
        }
      ]
    },
    {
      "name": "Tokyo",
      "isoCode": "13",
      "timezones": [
        {
          "name": "Asia/Tokyo",
          "utcOffset": "+09:00",
          "offsetMinutes": 540,
          "abbreviation": "JST",
          "isDST": false
        }
      ]
    },
    {
      "name": "Tottori Prefecture",
      "isoCode": "31",
      "timezones": [
        {
          "name": "Asia/Tokyo",
          "utcOffset": "+09:00",
          "offsetMinutes": 540,
          "abbreviation": "JST",
          "isDST": false
        }
      ]
    },
    {
      "name": "Toyama Prefecture",
      "isoCode": "16",
      "timezones": [
        {
          "name": "Asia/Tokyo",
          "utcOffset": "+09:00",
          "offsetMinutes": 540,
          "abbreviation": "JST",
          "isDST": false
        }
      ]
    },
    {
      "name": "Wakayama Prefecture",
      "isoCode": "30",
      "timezones": [
        {
          "name": "Asia/Tokyo",
          "utcOffset": "+09:00",
          "offsetMinutes": 540,
          "abbreviation": "JST",
          "isDST": false
        }
      ]
    },
    {
      "name": "Yamagata Prefecture",
      "isoCode": "06",
      "timezones": [
        {
          "name": "Asia/Tokyo",
          "utcOffset": "+09:00",
          "offsetMinutes": 540,
          "abbreviation": "JST",
          "isDST": false
        }
      ]
    },
    {
      "name": "Yamaguchi Prefecture",
      "isoCode": "35",
      "timezones": [
        {
          "name": "Asia/Tokyo",
          "utcOffset": "+09:00",
          "offsetMinutes": 540,
          "abbreviation": "JST",
          "isDST": false
        }
      ]
    },
    {
      "name": "Yamanashi Prefecture",
      "isoCode": "19",
      "timezones": [
        {
          "name": "Asia/Tokyo",
          "utcOffset": "+09:00",
          "offsetMinutes": 540,
          "abbreviation": "JST",
          "isDST": false
        }
      ]
    },
    {
      "name": "Ōita Prefecture",
      "isoCode": "44",
      "timezones": [
        {
          "name": "Asia/Tokyo",
          "utcOffset": "+09:00",
          "offsetMinutes": 540,
          "abbreviation": "JST",
          "isDST": false
        }
      ]
    },
    {
      "name": "Ōsaka Prefecture",
      "isoCode": "27",
      "timezones": [
        {
          "name": "Asia/Tokyo",
          "utcOffset": "+09:00",
          "offsetMinutes": 540,
          "abbreviation": "JST",
          "isDST": false
        }
      ]
    }
  ]
}
