{
  "name": "Lithuania",
  "isoCode": "LT",
  "timezones": [
    {
      "name": "Europe/Vilnius",
      "utcOffset": "+03:00",
      "offsetMinutes": 180,
      "abbreviation": "EEST",
      "isDST": true
    }
  ],
  "states": [
    {
      "name": "Akmenė District Municipality",
      "isoCode": "01",
      "timezones": [
        {
          "name": "Europe/Vilnius",
          "utcOffset": "+03:00",
          "offsetMinutes": 180,
          "abbreviation": "EEST",
          "isDST": true
        }
      ]
    },
    {
      "name": "Alytus City Municipality",
      "isoCode": "02",
      "timezones": [
        {
          "name": "Europe/Vilnius",
          "utcOffset": "+03:00",
          "offsetMinutes": 180,
          "abbreviation": "EEST",
          "isDST": true
        }
      ]
    },
    {
      "name": "Alytus County",
      "isoCode": "AL",
      "timezones": [
        {
          "name": "Europe/Vilnius",
          "utcOffset": "+03:00",
          "offsetMinutes": 180,
          "abbreviation": "EEST",
          "isDST": true
        }
      ]
    },
    {
      "name": "Alytus District Municipality",
      "isoCode": "03",
      "timezones": [
        {
          "name": "Europe/Vilnius",
          "utcOffset": "+03:00",
          "offsetMinutes": 180,
          "abbreviation": "EEST",
          "isDST": true
        }
      ]
    },
    {
      "name": "Birštonas Municipality",
      "isoCode": "05",
      "timezones": [
        {
          "name": "Europe/Vilnius",
          "utcOffset": "+03:00",
          "offsetMinutes": 180,
          "abbreviation": "EEST",
          "isDST": true
        }
      ]
    },
    {
      "name": "Biržai District Municipality",
      "isoCode": "06",
      "timezones": [
        {
          "name": "Europe/Vilnius",
          "utcOffset": "+03:00",
          "offsetMinutes": 180,
          "abbreviation": "EEST",
          "isDST": true
        }
      ]
    },
    {
      "name": "Druskininkai municipality",
      "isoCode": "07",
      "timezones": [
        {
          "name": "Europe/Vilnius",
          "utcOffset": "+03:00",
          "offsetMinutes": 180,
          "abbreviation": "EEST",
          "isDST": true
        }
      ]
    },
    {
      "name": "Elektrėnai municipality",
      "isoCode": "08",
      "timezones": [
        {
          "name": "Europe/Vilnius",
          "utcOffset": "+03:00",
          "offsetMinutes": 180,
          "abbreviation": "EEST",
          "isDST": true
        }
      ]
    },
    {
      "name": "Ignalina District Municipality",
      "isoCode": "09",
      "timezones": [
        {
          "name": "Europe/Vilnius",
          "utcOffset": "+03:00",
          "offsetMinutes": 180,
          "abbreviation": "EEST",
          "isDST": true
        }
      ]
    },
    {
      "name": "Jonava District Municipality",
      "isoCode": "10",
      "timezones": [
        {
          "name": "Europe/Vilnius",
          "utcOffset": "+03:00",
          "offsetMinutes": 180,
          "abbreviation": "EEST",
          "isDST": true
        }
      ]
    },
    {
      "name": "Joniškis District Municipality",
      "isoCode": "11",
      "timezones": [
        {
          "name": "Europe/Vilnius",
          "utcOffset": "+03:00",
          "offsetMinutes": 180,
          "abbreviation": "EEST",
          "isDST": true
        }
      ]
    },
    {
      "name": "Jurbarkas District Municipality",
      "isoCode": "12",
      "timezones": [
        {
          "name": "Europe/Vilnius",
          "utcOffset": "+03:00",
          "offsetMinutes": 180,
          "abbreviation": "EEST",
          "isDST": true
        }
      ]
    },
    {
      "name": "Kaišiadorys District Municipality",
      "isoCode": "13",
      "timezones": [
        {
          "name": "Europe/Vilnius",
          "utcOffset": "+03:00",
          "offsetMinutes": 180,
          "abbreviation": "EEST",
          "isDST": true
        }
      ]
    },
    {
      "name": "Kalvarija municipality",
      "isoCode": "14",
      "timezones": [
        {
          "name": "Europe/Vilnius",
          "utcOffset": "+03:00",
          "offsetMinutes": 180,
          "abbreviation": "EEST",
          "isDST": true
        }
      ]
    },
    {
      "name": "Kaunas City Municipality",
      "isoCode": "15",
      "timezones": [
        {
          "name": "Europe/Vilnius",
          "utcOffset": "+03:00",
          "offsetMinutes": 180,
          "abbreviation": "EEST",
          "isDST": true
        }
      ]
    },
    {
      "name": "Kaunas County",
      "isoCode": "KU",
      "timezones": [
        {
          "name": "Europe/Vilnius",
          "utcOffset": "+03:00",
          "offsetMinutes": 180,
          "abbreviation": "EEST",
          "isDST": true
        }
      ]
    },
    {
      "name": "Kaunas District Municipality",
      "isoCode": "16",
      "timezones": [
        {
          "name": "Europe/Vilnius",
          "utcOffset": "+03:00",
          "offsetMinutes": 180,
          "abbreviation": "EEST",
          "isDST": true
        }
      ]
    },
    {
      "name": "Kazlų Rūda municipality",
      "isoCode": "17",
      "timezones": [
        {
          "name": "Europe/Vilnius",
          "utcOffset": "+03:00",
          "offsetMinutes": 180,
          "abbreviation": "EEST",
          "isDST": true
        }
      ]
    },
    {
      "name": "Kelmė District Municipality",
      "isoCode": "19",
      "timezones": [
        {
          "name": "Europe/Vilnius",
          "utcOffset": "+03:00",
          "offsetMinutes": 180,
          "abbreviation": "EEST",
          "isDST": true
        }
      ]
    },
    {
      "name": "Klaipeda City Municipality",
      "isoCode": "20",
      "timezones": [
        {
          "name": "Europe/Vilnius",
          "utcOffset": "+03:00",
          "offsetMinutes": 180,
          "abbreviation": "EEST",
          "isDST": true
        }
      ]
    },
    {
      "name": "Klaipėda County",
      "isoCode": "KL",
      "timezones": [
        {
          "name": "Europe/Vilnius",
          "utcOffset": "+03:00",
          "offsetMinutes": 180,
          "abbreviation": "EEST",
          "isDST": true
        }
      ]
    },
    {
      "name": "Klaipėda District Municipality",
      "isoCode": "21",
      "timezones": [
        {
          "name": "Europe/Vilnius",
          "utcOffset": "+03:00",
          "offsetMinutes": 180,
          "abbreviation": "EEST",
          "isDST": true
        }
      ]
    },
    {
      "name": "Kretinga District Municipality",
      "isoCode": "22",
      "timezones": [
        {
          "name": "Europe/Vilnius",
          "utcOffset": "+03:00",
          "offsetMinutes": 180,
          "abbreviation": "EEST",
          "isDST": true
        }
      ]
    },
    {
      "name": "Kupiškis District Municipality",
      "isoCode": "23",
      "timezones": [
        {
          "name": "Europe/Vilnius",
          "utcOffset": "+03:00",
          "offsetMinutes": 180,
          "abbreviation": "EEST",
          "isDST": true
        }
      ]
    },
    {
      "name": "Kėdainiai District Municipality",
      "isoCode": "18",
      "timezones": [
        {
          "name": "Europe/Vilnius",
          "utcOffset": "+03:00",
          "offsetMinutes": 180,
          "abbreviation": "EEST",
          "isDST": true
        }
      ]
    },
    {
      "name": "Lazdijai District Municipality",
      "isoCode": "24",
      "timezones": [
        {
          "name": "Europe/Vilnius",
          "utcOffset": "+03:00",
          "offsetMinutes": 180,
          "abbreviation": "EEST",
          "isDST": true
        }
      ]
    },
    {
      "name": "Marijampolė County",
      "isoCode": "MR",
      "timezones": [
        {
          "name": "Europe/Vilnius",
          "utcOffset": "+03:00",
          "offsetMinutes": 180,
          "abbreviation": "EEST",
          "isDST": true
        }
      ]
    },
    {
      "name": "Marijampolė Municipality",
      "isoCode": "25",
      "timezones": [
        {
          "name": "Europe/Vilnius",
          "utcOffset": "+03:00",
          "offsetMinutes": 180,
          "abbreviation": "EEST",
          "isDST": true
        }
      ]
    },
    {
      "name": "Mažeikiai District Municipality",
      "isoCode": "26",
      "timezones": [
        {
          "name": "Europe/Vilnius",
          "utcOffset": "+03:00",
          "offsetMinutes": 180,
          "abbreviation": "EEST",
          "isDST": true
        }
      ]
    },
    {
      "name": "Molėtai District Municipality",
      "isoCode": "27",
      "timezones": [
        {
          "name": "Europe/Vilnius",
          "utcOffset": "+03:00",
          "offsetMinutes": 180,
          "abbreviation": "EEST",
          "isDST": true
        }
      ]
    },
    {
      "name": "Neringa Municipality",
      "isoCode": "28",
      "timezones": [
        {
          "name": "Europe/Vilnius",
          "utcOffset": "+03:00",
          "offsetMinutes": 180,
          "abbreviation": "EEST",
          "isDST": true
        }
      ]
    },
    {
      "name": "Pagėgiai municipality",
      "isoCode": "29",
      "timezones": [
        {
          "name": "Europe/Vilnius",
          "utcOffset": "+03:00",
          "offsetMinutes": 180,
          "abbreviation": "EEST",
          "isDST": true
        }
      ]
    },
    {
      "name": "Pakruojis District Municipality",
      "isoCode": "30",
      "timezones": [
        {
          "name": "Europe/Vilnius",
          "utcOffset": "+03:00",
          "offsetMinutes": 180,
          "abbreviation": "EEST",
          "isDST": true
        }
      ]
    },
    {
      "name": "Palanga City Municipality",
      "isoCode": "31",
      "timezones": [
        {
          "name": "Europe/Vilnius",
          "utcOffset": "+03:00",
          "offsetMinutes": 180,
          "abbreviation": "EEST",
          "isDST": true
        }
      ]
    },
    {
      "name": "Panevėžys City Municipality",
      "isoCode": "32",
      "timezones": [
        {
          "name": "Europe/Vilnius",
          "utcOffset": "+03:00",
          "offsetMinutes": 180,
          "abbreviation": "EEST",
          "isDST": true
        }
      ]
    },
    {
      "name": "Panevėžys County",
      "isoCode": "PN",
      "timezones": [
        {
          "name": "Europe/Vilnius",
          "utcOffset": "+03:00",
          "offsetMinutes": 180,
          "abbreviation": "EEST",
          "isDST": true
        }
      ]
    },
    {
      "name": "Panevėžys District Municipality",
      "isoCode": "33",
      "timezones": [
        {
          "name": "Europe/Vilnius",
          "utcOffset": "+03:00",
          "offsetMinutes": 180,
          "abbreviation": "EEST",
          "isDST": true
        }
      ]
    },
    {
      "name": "Pasvalys District Municipality",
      "isoCode": "34",
      "timezones": [
        {
          "name": "Europe/Vilnius",
          "utcOffset": "+03:00",
          "offsetMinutes": 180,
          "abbreviation": "EEST",
          "isDST": true
        }
      ]
    },
    {
      "name": "Plungė District Municipality",
      "isoCode": "35",
      "timezones": [
        {
          "name": "Europe/Vilnius",
          "utcOffset": "+03:00",
          "offsetMinutes": 180,
          "abbreviation": "EEST",
          "isDST": true
        }
      ]
    },
    {
      "name": "Prienai District Municipality",
      "isoCode": "36",
      "timezones": [
        {
          "name": "Europe/Vilnius",
          "utcOffset": "+03:00",
          "offsetMinutes": 180,
          "abbreviation": "EEST",
          "isDST": true
        }
      ]
    },
    {
      "name": "Radviliškis District Municipality",
      "isoCode": "37",
      "timezones": [
        {
          "name": "Europe/Vilnius",
          "utcOffset": "+03:00",
          "offsetMinutes": 180,
          "abbreviation": "EEST",
          "isDST": true
        }
      ]
    },
    {
      "name": "Raseiniai District Municipality",
      "isoCode": "38",
      "timezones": [
        {
          "name": "Europe/Vilnius",
          "utcOffset": "+03:00",
          "offsetMinutes": 180,
          "abbreviation": "EEST",
          "isDST": true
        }
      ]
    },
    {
      "name": "Rietavas municipality",
      "isoCode": "39",
      "timezones": [
        {
          "name": "Europe/Vilnius",
          "utcOffset": "+03:00",
          "offsetMinutes": 180,
          "abbreviation": "EEST",
          "isDST": true
        }
      ]
    },
    {
      "name": "Rokiškis District Municipality",
      "isoCode": "40",
      "timezones": [
        {
          "name": "Europe/Vilnius",
          "utcOffset": "+03:00",
          "offsetMinutes": 180,
          "abbreviation": "EEST",
          "isDST": true
        }
      ]
    },
    {
      "name": "Skuodas District Municipality",
      "isoCode": "48",
      "timezones": [
        {
          "name": "Europe/Vilnius",
          "utcOffset": "+03:00",
          "offsetMinutes": 180,
          "abbreviation": "EEST",
          "isDST": true
        }
      ]
    },
    {
      "name": "Tauragė County",
      "isoCode": "TA",
      "timezones": [
        {
          "name": "Europe/Vilnius",
          "utcOffset": "+03:00",
          "offsetMinutes": 180,
          "abbreviation": "EEST",
          "isDST": true
        }
      ]
    },
    {
      "name": "Tauragė District Municipality",
      "isoCode": "50",
      "timezones": [
        {
          "name": "Europe/Vilnius",
          "utcOffset": "+03:00",
          "offsetMinutes": 180,
          "abbreviation": "EEST",
          "isDST": true
        }
      ]
    },
    {
      "name": "Telšiai County",
      "isoCode": "TE",
      "timezones": [
        {
          "name": "Europe/Vilnius",
          "utcOffset": "+03:00",
          "offsetMinutes": 180,
          "abbreviation": "EEST",
          "isDST": true
        }
      ]
    },
    {
      "name": "Telšiai District Municipality",
      "isoCode": "51",
      "timezones": [
        {
          "name": "Europe/Vilnius",
          "utcOffset": "+03:00",
          "offsetMinutes": 180,
          "abbreviation": "EEST",
          "isDST": true
        }
      ]
    },
    {
      "name": "Trakai District Municipality",
      "isoCode": "52",
      "timezones": [
        {
          "name": "Europe/Vilnius",
          "utcOffset": "+03:00",
          "offsetMinutes": 180,
          "abbreviation": "EEST",
          "isDST": true
        }
      ]
    },
    {
      "name": "Ukmergė District Municipality",
      "isoCode": "53",
      "timezones": [
        {
          "name": "Europe/Vilnius",
          "utcOffset": "+03:00",
          "offsetMinutes": 180,
          "abbreviation": "EEST",
          "isDST": true
        }
      ]
    },
    {
      "name": "Utena County",
      "isoCode": "UT",
      "timezones": [
        {
          "name": "Europe/Vilnius",
          "utcOffset": "+03:00",
          "offsetMinutes": 180,
          "abbreviation": "EEST",
          "isDST": true
        }
      ]
    },
    {
      "name": "Utena District Municipality",
      "isoCode": "54",
      "timezones": [
        {
          "name": "Europe/Vilnius",
          "utcOffset": "+03:00",
          "offsetMinutes": 180,
          "abbreviation": "EEST",
          "isDST": true
        }
      ]
    },
    {
      "name": "Varėna District Municipality",
      "isoCode": "55",
      "timezones": [
        {
          "name": "Europe/Vilnius",
          "utcOffset": "+03:00",
          "offsetMinutes": 180,
          "abbreviation": "EEST",
          "isDST": true
        }
      ]
    },
    {
      "name": "Vilkaviškis District Municipality",
      "isoCode": "56",
      "timezones": [
        {
          "name": "Europe/Vilnius",
          "utcOffset": "+03:00",
          "offsetMinutes": 180,
          "abbreviation": "EEST",
          "isDST": true
        }
      ]
    },
    {
      "name": "Vilnius City Municipality",
      "isoCode": "57",
      "timezones": [
        {
          "name": "Europe/Vilnius",
          "utcOffset": "+03:00",
          "offsetMinutes": 180,
          "abbreviation": "EEST",
          "isDST": true
        }
      ]
    },
    {
      "name": "Vilnius County",
      "isoCode": "VL",
      "timezones": [
        {
          "name": "Europe/Vilnius",
          "utcOffset": "+03:00",
          "offsetMinutes": 180,
          "abbreviation": "EEST",
          "isDST": true
        }
      ]
    },
    {
      "name": "Vilnius District Municipality",
      "isoCode": "58",
      "timezones": [
        {
          "name": "Europe/Vilnius",
          "utcOffset": "+03:00",
          "offsetMinutes": 180,
          "abbreviation": "EEST",
          "isDST": true
        }
      ]
    },
    {
      "name": "Visaginas Municipality",
      "isoCode": "59",
      "timezones": [
        {
          "name": "Europe/Vilnius",
          "utcOffset": "+03:00",
          "offsetMinutes": 180,
          "abbreviation": "EEST",
          "isDST": true
        }
      ]
    },
    {
      "name": "Zarasai District Municipality",
      "isoCode": "60",
      "timezones": [
        {
          "name": "Europe/Vilnius",
          "utcOffset": "+03:00",
          "offsetMinutes": 180,
          "abbreviation": "EEST",
          "isDST": true
        }
      ]
    },
    {
      "name": "Šakiai District Municipality",
      "isoCode": "41",
      "timezones": [
        {
          "name": "Europe/Vilnius",
          "utcOffset": "+03:00",
          "offsetMinutes": 180,
          "abbreviation": "EEST",
          "isDST": true
        }
      ]
    },
    {
      "name": "Šalčininkai District Municipality",
      "isoCode": "42",
      "timezones": [
        {
          "name": "Europe/Vilnius",
          "utcOffset": "+03:00",
          "offsetMinutes": 180,
          "abbreviation": "EEST",
          "isDST": true
        }
      ]
    },
    {
      "name": "Šiauliai City Municipality",
      "isoCode": "43",
      "timezones": [
        {
          "name": "Europe/Vilnius",
          "utcOffset": "+03:00",
          "offsetMinutes": 180,
          "abbreviation": "EEST",
          "isDST": true
        }
      ]
    },
    {
      "name": "Šiauliai County",
      "isoCode": "SA",
      "timezones": [
        {
          "name": "Europe/Vilnius",
          "utcOffset": "+03:00",
          "offsetMinutes": 180,
          "abbreviation": "EEST",
          "isDST": true
        }
      ]
    },
    {
      "name": "Šiauliai District Municipality",
      "isoCode": "44",
      "timezones": [
        {
          "name": "Europe/Vilnius",
          "utcOffset": "+03:00",
          "offsetMinutes": 180,
          "abbreviation": "EEST",
          "isDST": true
        }
      ]
    },
    {
      "name": "Šilalė District Municipality",
      "isoCode": "45",
      "timezones": [
        {
          "name": "Europe/Vilnius",
          "utcOffset": "+03:00",
          "offsetMinutes": 180,
          "abbreviation": "EEST",
          "isDST": true
        }
      ]
    },
    {
      "name": "Šilutė District Municipality",
      "isoCode": "46",
      "timezones": [
        {
          "name": "Europe/Vilnius",
          "utcOffset": "+03:00",
          "offsetMinutes": 180,
          "abbreviation": "EEST",
          "isDST": true
        }
      ]
    },
    {
      "name": "Širvintos District Municipality",
      "isoCode": "47",
      "timezones": [
        {
          "name": "Europe/Vilnius",
          "utcOffset": "+03:00",
          "offsetMinutes": 180,
          "abbreviation": "EEST",
          "isDST": true
        }
      ]
    },
    {
      "name": "Švenčionys District Municipality",
      "isoCode": "49",
      "timezones": [
        {
          "name": "Europe/Vilnius",
          "utcOffset": "+03:00",
          "offsetMinutes": 180,
          "abbreviation": "EEST",
          "isDST": true
        }
      ]
    }
  ]
}
